BEGIN TRANSACTION;
CREATE TABLE "auth_group" ("id" integer NOT NULL PRIMARY KEY AUTOINCREMENT, "name" varchar(80) NOT NULL UNIQUE);
CREATE TABLE "auth_group_permissions" ("id" integer NOT NULL PRIMARY KEY AUTOINCREMENT, "group_id" integer NOT NULL REFERENCES "auth_group" ("id"), "permission_id" integer NOT NULL REFERENCES "auth_permission" ("id"));
CREATE TABLE "auth_permission" ("id" integer NOT NULL PRIMARY KEY AUTOINCREMENT, "content_type_id" integer NOT NULL REFERENCES "django_content_type" ("id"), "codename" varchar(100) NOT NULL, "name" varchar(255) NOT NULL);
INSERT INTO "auth_permission" VALUES(1,1,'add_logentry','Can add log entry');
INSERT INTO "auth_permission" VALUES(2,1,'change_logentry','Can change log entry');
INSERT INTO "auth_permission" VALUES(3,1,'delete_logentry','Can delete log entry');
INSERT INTO "auth_permission" VALUES(4,2,'add_permission','Can add permission');
INSERT INTO "auth_permission" VALUES(5,2,'change_permission','Can change permission');
INSERT INTO "auth_permission" VALUES(6,2,'delete_permission','Can delete permission');
INSERT INTO "auth_permission" VALUES(7,3,'add_group','Can add group');
INSERT INTO "auth_permission" VALUES(8,3,'change_group','Can change group');
INSERT INTO "auth_permission" VALUES(9,3,'delete_group','Can delete group');
INSERT INTO "auth_permission" VALUES(10,4,'add_user','Can add user');
INSERT INTO "auth_permission" VALUES(11,4,'change_user','Can change user');
INSERT INTO "auth_permission" VALUES(12,4,'delete_user','Can delete user');
INSERT INTO "auth_permission" VALUES(13,5,'add_contenttype','Can add content type');
INSERT INTO "auth_permission" VALUES(14,5,'change_contenttype','Can change content type');
INSERT INTO "auth_permission" VALUES(15,5,'delete_contenttype','Can delete content type');
INSERT INTO "auth_permission" VALUES(16,6,'add_session','Can add session');
INSERT INTO "auth_permission" VALUES(17,6,'change_session','Can change session');
INSERT INTO "auth_permission" VALUES(18,6,'delete_session','Can delete session');
INSERT INTO "auth_permission" VALUES(19,7,'add_question','Can add question');
INSERT INTO "auth_permission" VALUES(20,7,'change_question','Can change question');
INSERT INTO "auth_permission" VALUES(21,7,'delete_question','Can delete question');
INSERT INTO "auth_permission" VALUES(22,8,'add_choice','Can add choice');
INSERT INTO "auth_permission" VALUES(23,8,'change_choice','Can change choice');
INSERT INTO "auth_permission" VALUES(24,8,'delete_choice','Can delete choice');
CREATE TABLE "auth_user" ("id" integer NOT NULL PRIMARY KEY AUTOINCREMENT, "password" varchar(128) NOT NULL, "last_login" datetime NULL, "is_superuser" bool NOT NULL, "first_name" varchar(30) NOT NULL, "last_name" varchar(30) NOT NULL, "email" varchar(254) NOT NULL, "is_staff" bool NOT NULL, "is_active" bool NOT NULL, "date_joined" datetime NOT NULL, "username" varchar(30) NOT NULL UNIQUE);
INSERT INTO "auth_user" VALUES(1,'pbkdf2_sha256$24000$ybE1Ppad6e8z$k6vPiEMcmzuEOiLxicgO+Rtkyp/W1iFB39Ym9Bgvk7w=',NULL,1,'','','admin123@gmail.com',1,1,'2016-04-01 22:37:35.727326','admin123');
INSERT INTO "auth_user" VALUES(2,'pbkdf2_sha256$24000$jKvLLHngS0Ub$HCz3YNdIg2luMhq9JIjPIsZvBpemz+2iEpOxtA2H4ko=','2016-04-01 22:45:01.289459',1,'','','admin12@gmail.com',1,1,'2016-04-01 22:44:26.637560','admin12');
CREATE TABLE "auth_user_groups" ("id" integer NOT NULL PRIMARY KEY AUTOINCREMENT, "user_id" integer NOT NULL REFERENCES "auth_user" ("id"), "group_id" integer NOT NULL REFERENCES "auth_group" ("id"));
CREATE TABLE "auth_user_user_permissions" ("id" integer NOT NULL PRIMARY KEY AUTOINCREMENT, "user_id" integer NOT NULL REFERENCES "auth_user" ("id"), "permission_id" integer NOT NULL REFERENCES "auth_permission" ("id"));
CREATE TABLE "django_admin_log" ("id" integer NOT NULL PRIMARY KEY AUTOINCREMENT, "object_id" text NULL, "object_repr" varchar(200) NOT NULL, "action_flag" smallint unsigned NOT NULL, "change_message" text NOT NULL, "content_type_id" integer NULL REFERENCES "django_content_type" ("id"), "user_id" integer NOT NULL REFERENCES "auth_user" ("id"), "action_time" datetime NOT NULL);
INSERT INTO "django_admin_log" VALUES(1,'1','What''s the color of sky?',3,'',7,2,'2016-04-02 01:10:56.545047');
INSERT INTO "django_admin_log" VALUES(2,'2','what is the color of sky?',1,'Added. Added choice "Blue". Added choice "Red". Added choice "Yellow".',7,2,'2016-04-02 01:12:43.215204');
INSERT INTO "django_admin_log" VALUES(3,'3','What is carrrot?',1,'Added. Added choice "An edible item". Added choice "A toy". Added choice "None of the above".',7,2,'2016-04-02 01:14:07.123934');
INSERT INTO "django_admin_log" VALUES(4,'4','What is color of white house?',1,'Added. Added choice "White". Added choice "Black". Added choice "Blue".',7,2,'2016-04-02 01:17:28.726291');
CREATE TABLE "django_content_type" ("id" integer NOT NULL PRIMARY KEY AUTOINCREMENT, "app_label" varchar(100) NOT NULL, "model" varchar(100) NOT NULL);
INSERT INTO "django_content_type" VALUES(1,'admin','logentry');
INSERT INTO "django_content_type" VALUES(2,'auth','permission');
INSERT INTO "django_content_type" VALUES(3,'auth','group');
INSERT INTO "django_content_type" VALUES(4,'auth','user');
INSERT INTO "django_content_type" VALUES(5,'contenttypes','contenttype');
INSERT INTO "django_content_type" VALUES(6,'sessions','session');
INSERT INTO "django_content_type" VALUES(7,'questions','question');
INSERT INTO "django_content_type" VALUES(8,'questions','choice');
CREATE TABLE "django_migrations" ("id" integer NOT NULL PRIMARY KEY AUTOINCREMENT, "app" varchar(255) NOT NULL, "name" varchar(255) NOT NULL, "applied" datetime NOT NULL);
INSERT INTO "django_migrations" VALUES(1,'contenttypes','0001_initial','2016-04-01 22:28:58.713594');
INSERT INTO "django_migrations" VALUES(2,'auth','0001_initial','2016-04-01 22:28:59.200181');
INSERT INTO "django_migrations" VALUES(3,'admin','0001_initial','2016-04-01 22:28:59.638871');
INSERT INTO "django_migrations" VALUES(4,'admin','0002_logentry_remove_auto_add','2016-04-01 22:29:00.082892');
INSERT INTO "django_migrations" VALUES(5,'contenttypes','0002_remove_content_type_name','2016-04-01 22:29:00.661481');
INSERT INTO "django_migrations" VALUES(6,'auth','0002_alter_permission_name_max_length','2016-04-01 22:29:01.019468');
INSERT INTO "django_migrations" VALUES(7,'auth','0003_alter_user_email_max_length','2016-04-01 22:29:03.508679');
INSERT INTO "django_migrations" VALUES(8,'auth','0004_alter_user_username_opts','2016-04-01 22:29:03.932761');
INSERT INTO "django_migrations" VALUES(9,'auth','0005_alter_user_last_login_null','2016-04-01 22:29:04.300933');
INSERT INTO "django_migrations" VALUES(10,'auth','0006_require_contenttypes_0002','2016-04-01 22:29:04.435117');
INSERT INTO "django_migrations" VALUES(11,'auth','0007_alter_validators_add_error_messages','2016-04-01 22:29:04.759628');
INSERT INTO "django_migrations" VALUES(12,'questions','0001_initial','2016-04-01 22:29:05.072255');
INSERT INTO "django_migrations" VALUES(13,'sessions','0001_initial','2016-04-01 22:29:05.384849');
INSERT INTO "django_migrations" VALUES(14,'questions','0002_remove_choice_votes','2016-04-02 01:12:35.546268');
INSERT INTO "django_migrations" VALUES(15,'questions','0003_choice_is_answer','2016-04-02 01:16:04.170454');
CREATE TABLE "django_session" ("session_key" varchar(40) NOT NULL PRIMARY KEY, "session_data" text NOT NULL, "expire_date" datetime NOT NULL);
INSERT INTO "django_session" VALUES('4902fzm43g6hdloaazaxsonu6hec0tzw','MjQ2YTFiNGFjNDlhNDNlMWFkZDJjYzkwZGJlZTc4ODA5NGFhOTBkMjp7Il9hdXRoX3VzZXJfaGFzaCI6IjdmMDUyNGYyN2M5N2Y2MTA5MzAxYzIxM2IyMmI0ZDdkOWQzZTk1NTEiLCJfYXV0aF91c2VyX2JhY2tlbmQiOiJkamFuZ28uY29udHJpYi5hdXRoLmJhY2tlbmRzLk1vZGVsQmFja2VuZCIsIl9hdXRoX3VzZXJfaWQiOiIyIn0=','2016-04-15 22:45:01.456692');
CREATE TABLE "questions_choice" ("id" integer NOT NULL PRIMARY KEY AUTOINCREMENT, "choice_text" varchar(200) NOT NULL, "question_id" integer NOT NULL REFERENCES "questions_question" ("id"), "is_answer" bool NOT NULL);
INSERT INTO "questions_choice" VALUES(1,'Blue',2,0);
INSERT INTO "questions_choice" VALUES(2,'Red',2,0);
INSERT INTO "questions_choice" VALUES(3,'Yellow',2,0);
INSERT INTO "questions_choice" VALUES(4,'An edible item',3,0);
INSERT INTO "questions_choice" VALUES(5,'A toy',3,0);
INSERT INTO "questions_choice" VALUES(6,'None of the above',3,0);
INSERT INTO "questions_choice" VALUES(7,'White',4,1);
INSERT INTO "questions_choice" VALUES(8,'Black',4,0);
INSERT INTO "questions_choice" VALUES(9,'Blue',4,0);
CREATE TABLE "questions_question" ("id" integer NOT NULL PRIMARY KEY AUTOINCREMENT, "question_text" varchar(200) NOT NULL, "pub_date" datetime NOT NULL);
INSERT INTO "questions_question" VALUES(2,'what is the color of sky?','2016-04-02 01:11:17');
INSERT INTO "questions_question" VALUES(3,'What is carrrot?','2016-04-02 01:14:05');
INSERT INTO "questions_question" VALUES(4,'What is color of white house?','2016-04-02 01:17:24');
DELETE FROM "sqlite_sequence";
INSERT INTO "sqlite_sequence" VALUES('django_migrations',15);
INSERT INTO "sqlite_sequence" VALUES('django_admin_log',4);
INSERT INTO "sqlite_sequence" VALUES('django_content_type',8);
INSERT INTO "sqlite_sequence" VALUES('auth_permission',24);
INSERT INTO "sqlite_sequence" VALUES('auth_user',2);
INSERT INTO "sqlite_sequence" VALUES('questions_question',4);
INSERT INTO "sqlite_sequence" VALUES('questions_choice',9);
CREATE UNIQUE INDEX "auth_group_permissions_group_id_0cd325b0_uniq" ON "auth_group_permissions" ("group_id", "permission_id");
CREATE INDEX "auth_group_permissions_0e939a4f" ON "auth_group_permissions" ("group_id");
CREATE INDEX "auth_group_permissions_8373b171" ON "auth_group_permissions" ("permission_id");
CREATE UNIQUE INDEX "auth_user_groups_user_id_94350c0c_uniq" ON "auth_user_groups" ("user_id", "group_id");
CREATE INDEX "auth_user_groups_e8701ad4" ON "auth_user_groups" ("user_id");
CREATE INDEX "auth_user_groups_0e939a4f" ON "auth_user_groups" ("group_id");
CREATE UNIQUE INDEX "auth_user_user_permissions_user_id_14a6b632_uniq" ON "auth_user_user_permissions" ("user_id", "permission_id");
CREATE INDEX "auth_user_user_permissions_e8701ad4" ON "auth_user_user_permissions" ("user_id");
CREATE INDEX "auth_user_user_permissions_8373b171" ON "auth_user_user_permissions" ("permission_id");
CREATE INDEX "django_admin_log_417f1b1c" ON "django_admin_log" ("content_type_id");
CREATE INDEX "django_admin_log_e8701ad4" ON "django_admin_log" ("user_id");
CREATE UNIQUE INDEX "django_content_type_app_label_76bd3d3b_uniq" ON "django_content_type" ("app_label", "model");
CREATE UNIQUE INDEX "auth_permission_content_type_id_01ab375a_uniq" ON "auth_permission" ("content_type_id", "codename");
CREATE INDEX "auth_permission_417f1b1c" ON "auth_permission" ("content_type_id");
CREATE INDEX "django_session_de54fa62" ON "django_session" ("expire_date");
CREATE INDEX "questions_choice_7aa0f6ee" ON "questions_choice" ("question_id");
COMMIT;
